id,name,group,avg_min
255,Grant Hill,0,27.83951882845188
1627820,Tyrone Wallace,0,16.07503623188406
2754,Tony Allen,3,23.67689633767846
1628439,Isaiah Hicks,3,12.943015873015874
406,Shaquille O'Neal,4,22.04346441947565
2403,Nene,4,24.64556862745098
101124,Hakim Warrick,4,18.10353120243531
201593,Nikola Pekovic,4,24.939506172839504
436,Juwan Howard,3,14.932858585858586
202345,Damion James,3,16.004102564102563
1499,Tony Battie,3,10.0693125
202686,Jan Vesely,3,15.156183127572016
467,Jason Kidd,1,31.532108362779734
2581,Steve Blake,1,22.545181885671862
2224,Jamaal Tinsley,1,16.348164414414413
1715,Jason Williams,1,18.33051987767584
686,Antonio McDyess,3,20.023888888888887
202730,Lavoy Allen,3,17.79499140893471
200777,Joel Freeland,3,11.985755555555556
101130,Johan Petro,3,12.811124794745483
689,Theo Ratliff,3,14.858954802259886
2046,Desmond Mason,3,13.1
201880,Greg Stiemsma,3,15.014064039408868
2408,Melvin Ely,3,12.30390625
703,Kurt Thomas,3,15.992344236760124
201187,Dominic McGuire,3,13.377012089810018
708,Kevin Garnett,4,26.49379197379197
1628976,Wendell Carter Jr.,4,25.222727272727276
101135,David Lee,4,29.985919753086417
1627734,Domantas Sabonis,4,23.006600877192984
711,Jerry Stackhouse,0,14.834008620689657
1627782,Wayne Selden,0,19.07994623655914
2484,Devin Brown,0,21.19983333333333
203484,Kentavious Caldwell-Pope,0,29.72238805970149
714,Michael Finley,0,15.414021739130431
203710,C.J. Williams,0,15.748459119496854
2562,Sasha Pavlovic,0,12.29789855072464
203503,Tony Snell,0,21.80257164404223
739,Rasheed Wallace,0,20.764216666666663
1627814,Damion Lee,0,16.58723404255319
101132,Linas Kleiza,0,22.82398148148148
2804,Andres Nocioni,0,17.598202380952383
947,Allen Iverson,2,30.868690476190476
201155,Rodney Stuckey,2,27.752642671854733
201196,Ramon Sessions,2,22.68273007856341
202809,Cory Higgins,2,10.33871212121212
948,Marcus Camby,3,25.20688372093023
1902,Jeff Foster,3,16.092128514056224
203961,Eric Moreland,3,10.771544715447154
201189,Aaron Gray,3,12.543174999999998
951,Ray Allen,0,31.41072625698324
203914,Gary Harris,0,28.42801178992497
202083,Wesley Matthews,0,32.5808864265928
201158,Marco Belinelli,0,24.078950022925262
956,Erick Dampier,3,18.00194214876033
201972,Jon Brockman,3,10.4657
201181,Chris Richard,3,12.426666666666668
201934,Hasheem Thabeet,3,10.507683109118084
959,Steve Nash,1,32.004528857479386
200765,Rajon Rondo,1,32.781689342403624
201937,Ricky Rubio,1,30.862911646586344
1884,Baron Davis,1,29.40533126293996
965,Derek Fisher,0,23.562609970674487
1515,Anthony Parker,0,27.76925287356321
202066,Garrett Temple,0,20.289286640726328
1627775,Patrick McCaw,0,15.493142250530784
977,Kobe Bryant,2,35.44298994974874
1626164,Devin Booker,2,32.88835784313726
201142,Kevin Durant,2,36.90791366906475
2546,Carmelo Anthony,2,35.56237055016181
978,Peja Stojakovic,0,27.1893085106383
203082,Terrence Ross,0,24.300571428571427
201961,Wayne Ellington,0,21.259109553478712
1627736,Malik Beasley,0,15.950680894308942
979,Jermaine O'Neal,4,22.4960626911315
201274,Ivan Johnson,4,15.75352
201579,Roy Hibbert,4,25.97978885135135
203156,Henry Sims,4,18.82444444444444
980,Zydrunas Ilgauskas,3,18.237135802469137
202336,Larry Sanders,3,19.55458333333333
1737,Nazr Mohammed,3,11.860241347905282
1627738,Deyonta Davis,3,12.141666666666666
1088,Chucky Atkins,1,16.094916666666666
101179,Ronnie Price,1,15.289591836734694
2550,Kirk Hinrich,1,27.32697798025816
203521,Matthew Dellavedova,1,21.327548758865248
1112,Ben Wallace,3,22.669315315315316
203128,Furkan Aldemir,3,13.182764227642275
1903,Kenny Thomas,3,12.04551282051282
1495,Tim Duncan,4,28.85978025693036
2200,Pau Gasol,4,31.43434839044652
203994,Jusuf Nurkic,4,22.912827956989247
202328,Greg Monroe,4,27.65727416798732
1497,Chauncey Billups,2,29.777289644012946
1938,Manu Ginobili,2,23.5278209556707
203915,Spencer Dinwiddie,2,24.38048089591568
101150,Lou Williams,2,26.903552631578947
1501,Tim Thomas,2,15.845277777777776
202711,Bojan Bogdanovic,2,27.78214824120603
202694,Marcus Morris Sr.,2,26.51099388379205
1627759,Jaylen Brown,2,24.42876319758673
1503,Tracy McGrady,1,20.744188311688312
1628401,Derrick White,1,22.222638888888888
202323,Evan Turner,1,27.240755587949465
2738,Andre Iguodala,1,30.80154778887304
1628969,Mikal Bridges,0,29.477012195121947
1533,Anthony Johnson,1,13.09758064516129
201986,Nando De Colo,1,11.887913165266106
203499,Shane Larkin,1,19.095071895424837
203526,Raul Neto,1,14.152001675041875
1536,Stephen Jackson,2,30.60620801033592
2436,Flip Murray,2,22.30771111111111
203895,Jordan McRae,2,10.608158914728682
203114,Khris Middleton,2,31.71488644688645
1563,Kevin Ollie,3,10.528533333333332
2624,Quinton Ross,3,10.402291666666668
202732,DeAndre Liggins,3,10.771704331450094
2239,Trenton Hassell,3,21.274262820512824
1630,Mikki Moore,3,17.448833333333333
2735,Josh Childress,3,14.237704402515725
201153,Julian Wright,3,13.63884722222222
1627778,Chinanu Onuaku,3,12.194444444444445
1710,Mike Bibby,1,25.3056783919598
204060,Joe Ingles,1,24.709170771756977
1629059,Elie Okobo,1,18.079056603773587
203957,Dante Exum,1,19.33028594771242
1712,Antawn Jamison,2,29.06013450292397
202699,Tobias Harris,2,30.41980698529412
200745,Andrea Bargnani,2,30.0035162601626
1628367,Josh Jackson,2,25.30349358974359
1713,Vince Carter,2,23.033629682313894
1627752,Taurean Prince,2,25.49874149659864
1628416,Tyler Dorsey,2,16.077532051282052
203918,Rodney Hood,2,27.208453125
203580,Larry Drew II,1,13.14310606060606
1716,Larry Hughes,1,22.742561728395064
201228,C.J. Watson,1,20.05858843537415
201588,George Hill,1,29.58664869029276
201573,Jerryd Bayless,1,22.242201257861637
1717,Dirk Nowitzki,2,30.25755017131669
204001,Kristaps Porzingis,2,30.98948028673835
202695,Kawhi Leonard,4,30.843879371877232
201572,Brook Lopez,4,31.010795155344915
1718,Paul Pierce,2,28.969682389937105
202330,Gordon Hayward,2,30.61250424448217
201568,Danilo Gallinari,2,31.92759935897436
1629019,Allonzo Trier,2,22.79005208333333
1729,Ricky Davis,0,13.856296296296296
2422,John Salmons,0,29.0639393939394
204098,Xavier Munford,0,13.252333333333334
201584,Courtney Lee,0,27.683199530516436
1733,Al Harrington,2,24.70772727272727
1628398,Kyle Kuzma,2,32.07079908675799
203087,Jeremy Lamb,2,20.46979310344828
1628374,Lauri Markkanen,2,30.85123611111111
201585,Kosta Koufos,3,16.794591194968554
203382,Aron Baynes,3,15.11775956284153
1740,Rashard Lewis,0,24.57685049019608
1627774,Jake Layman,0,12.312340425531914
200760,Rodney Carney,0,12.55077192982456
1627786,Troy Williams,0,16.33002314814815
1747,Rafer Alston,1,27.31673076923077
202721,Darius Morris,1,11.092626262626265
1802,Brad Miller,0,19.814989384288747
1628959,Rawle Alkins,0,12.035333333333332
201949,James Johnson,1,20.686131447587357
1627885,Shaquille Harrison,1,18.90048611111111
1853,Anthony Carter,1,13.796531531531532
2575,Luke Walton,1,12.109351851851851
1629001,De'Anthony Melton,1,19.6778
2768,Chris Duhon,1,21.55018355359765
1863,Earl Boykins,1,15.93412213740458
201938,Jonny Flynn,1,22.88902263374485
201954,Darren Collison,1,29.368109065155807
101198,Will Bynum,1,19.610731707317072
1882,Elton Brand,3,25.296513687600644
201577,Robin Lopez,3,24.132437352245866
201959,Taj Gibson,4,25.867171648550727
203092,Tyler Zeller,4,17.57338605028386
200826,J.J. Barea,2,21.031147286821707
101114,Deron Williams,2,33.726897627965045
201950,Jrue Holiday,2,33.09047875064004
1885,Lamar Odom,3,26.575399774774773
1628464,Daniel Theis,3,14.2884496124031
201150,Spencer Hawes,3,23.043812189054727
1626204,Larry Nance Jr.,3,22.85219638242894
1886,Jonathan Bender,0,11.697933333333332
1626147,Justin Anderson,0,13.225763888888888
201960,DeMarre Carroll,0,24.183236714975845
201956,Omri Casspi,0,20.34153038046564
1888,Richard Hamilton,2,27.01101489757914
101145,Monta Ellis,2,35.81659444444444
1629012,Collin Sexton,2,31.768577235772355
202779,Dwight Buycks,2,14.204013605442176
1889,Andre Miller,1,24.111152263374485
203901,Elfrid Payton,1,29.54398148148148
2551,T.J. Ford,1,21.104068627450975
101127,Jarrett Jack,1,27.438897058823528
1890,Shawn Marion,3,28.884383012820518
201160,Jason Smith,3,16.478466542750926
2545,Darko Milicic,3,21.725089743589745
2694,Josh Powell,3,10.62156779661017
1891,Jason Terry,0,24.36786808976464
200751,Randy Foye,0,24.329151785714284
1627812,Yogi Ferrell,0,22.83992462311557
1626196,Josh Richardson,0,30.695791505791505
1894,Corey Maggette,4,24.727750896057348
201942,DeMar DeRozan,2,34.13329555555556
2405,Amar'e Stoudemire,4,27.68348705501618
203507,Giannis Antetokounmpo,4,32.73177060931899
1897,Metta World Peace,0,26.880198105081828
1629133,Daryl Macon,0,11.230833333333331
202341,James Anderson,0,17.492840755735493
201162,Jared Dudley,0,24.266666666666666
1899,James Posey,0,20.401243386243383
1627733,Dragan Bender,0,20.2879044834308
2047,Quentin Richardson,0,21.60465201465201
1627827,Dorian Finney-Smith,0,22.270300546448087
2205,DeSagana Diop,3,10.92360805860806
1904,Devean George,0,16.904185185185185
2588,Matt Bonner,0,15.59271662763466
200761,Shawne Williams,0,19.546586879432624
1905,Andrei Kirilenko,3,27.761127450980396
2222,Gerald Wallace,3,32.034848066298345
1628021,David Nwaba,0,21.47109929078014
2563,Dahntay Jones,0,15.834496644295305
200768,Kyle Lowry,2,33.22683211678832
202339,Eric Bledsoe,2,27.9452460456942
1952,Raja Bell,0,28.46246913580247
203117,Doron Lamb,0,12.725883333333334
1626253,Axel Toupane,0,14.115533333333332
2030,Kenyon Martin,3,25.490757575757577
203135,Robert Sacre,3,14.52726631393298
101161,Amir Johnson,3,22.43242382901319
202344,Trevor Booker,3,20.438170426065163
2034,Mike Miller,0,18.3845122985581
1626192,Pat Connaughton,0,14.85388888888889
203123,Kostas Papanikolaou,0,15.789057971014492
203585,Rodney McGruder,0,23.54840534979424
2037,Jamal Crawford,2,26.83820512820513
201569,Eric Gordon,2,32.857260606060606
1626780,Jonathan Gibson,2,12.911666666666664
203897,Zach LaVine,2,29.93566552901024
2038,Joel Przybilla,3,16.27232371794872
2039,Keyon Dooling,1,18.66800900900901
2041,Etan Thomas,3,11.18925925925926
201157,Sean Williams,3,10.790860215053764
101131,Jason Maxiell,3,19.453923992673992
202716,Jordan Williams,3,14.763100775193797
2045,Hedo Turkoglu,1,24.334575471698116
201587,Nicolas Batum,0,33.090519922254614
201976,Patrick Beverley,1,28.31408333333333
203935,Marcus Smart,1,28.382622549019608
2048,Jamaal Magloire,3,10.12155303030303
201595,Joey Dorsey,3,11.677650918635171
202687,Bismack Biyombo,3,20.30114922813036
2050,Morris Peterson,0,19.90973333333333
201611,Henry Walker,0,18.42118421052632
2446,Rasual Butler,0,18.648953953953956
2554,Mickael Pietrus,0,21.250388601036267
2052,DeShawn Stevenson,0,17.11661865569273
2586,Keith Bogans,0,18.603673469387758
2203,Shane Battier,0,25.8933286908078
1628390,Terrance Ferguson,0,19.94067164179104
2059,Eduardo Najera,0,13.40691919191919
201964,Victor Claver,0,13.398041666666666
200081,Jamario Moon,3,17.32743489583333
1627855,Okaro White,3,12.659431818181815
2067,Eddie House,0,17.70274193548387
1627854,Bryn Forbes,0,20.67872053872054
204038,Langston Galloway,0,22.413358061325415
2072,Michael Redd,2,17.677320675105484
1628469,Antonio Blakeney,2,15.038640350877191
2137,Ime Udoka,3,12.070187265917603
200782,P.J. Tucker,3,29.45631268436578
202227,Terrel Harris,3,10.842142857142855
202361,Landry Fields,3,23.641850393700786
2198,Kwame Brown,3,19.51896551724138
101133,Ian Mahinmi,3,16.612097149505527
2365,Chris Andersen,3,17.983879781420764
202350,Daniel Orton,3,10.612908496732024
2199,Tyson Chandler,3,27.36793624161073
201600,Omer Asik,3,19.5695966029724
203105,Festus Ezeli,3,14.086755952380951
2202,Jason Richardson,0,30.73272327044025
2747,JR Smith,0,29.267640901771333
1627851,Mindaugas Kuzminskas,0,14.755917874396134
1628402,Frank Jackson,0,19.16169398907104
1626203,Treveon Graham,0,15.630426666666668
2740,Andris Biedrins,3,17.365934343434343
2207,Joe Johnson,2,32.661178425357875
201564,O.J. Mayo,2,29.62759899208063
201958,Rodrigue Beaubois,2,15.940451197053408
2209,Vladimir Radmanovic,0,15.655652557319222
1628425,Sterling Brown,0,16.16794642857143
2210,Richard Jefferson,0,22.72778051450465
1629006,Josh Okogie,0,23.74554054054054
101110,Martell Webster,0,24.79638425925926
203106,Jeffery Taylor,0,19.447373737373734
2211,Troy Murphy,0,22.343148148148146
203086,Meyers Leonard,0,15.539710144927536
1628391,D.J. Wilson,0,13.616238095238096
1628380,Zach Collins,0,16.79151515151515
2216,Zach Randolph,4,31.833374451754384
2430,Carlos Boozer,4,30.027789432789437
202683,Enes Kanter,4,22.21024585477416
101154,Andray Blatche,4,25.252728205128207
2217,Brendan Haywood,3,21.45149061032864
200749,Shelden Williams,3,16.28030214424951
202962,Greg Smith,3,12.311901565995528
203924,Jerami Grant,0,24.079157940663176
2223,Samuel Dalembert,3,21.8405974025974
202332,Cole Aldrich,3,10.002820512820511
202334,Ed Davis,3,20.2480464267084
203705,Josh Magette,1,12.009166666666664
203515,Phil Pressey,1,13.616475225225225
203088,Kendall Marshall,1,19.27052083333333
2225,Tony Parker,2,27.949169262720662
1628368,De'Aaron Fox,2,29.684242424242424
201952,Jeff Teague,2,27.720839193624
2229,Mike James,1,15.561549295774649
202714,Shelvin Mack,1,18.40588450292398
203898,Tyler Ennis,1,12.526801801801804
2749,Jameer Nelson,1,28.29784277879342
2230,Maurice Evans,0,18.232888257575755
101214,Jawad Williams,0,14.165416666666667
1628384,OG Anunoby,0,20.09736406619385
203138,Hollis Thompson,0,24.240371069182387
2407,Jared Jeffries,3,18.44038120567376
202327,Ekpe Udoh,3,14.830008703220193
2240,Gilbert Arenas,2,26.68547619047619
1628372,Dennis Smith Jr.,2,29.16049180327869
201943,Brandon Jennings,2,30.328333333333333
1628455,Mike James,2,19.06912037037037
2246,Mehmet Okur,4,26.903495145631062
202700,Donatas Motiejunas,0,18.18660026560425
203932,Aaron Gordon,0,27.85812805474096
1627737,Marquese Chriss,0,19.13229272419628
2248,Earl Watson,1,21.037485172004743
1628515,Isaiah Briscoe,1,14.33923076923077
2250,Bobby Simmons,0,15.633364779874212
203187,Chris Johnson,0,15.47530612244898
1626148,Anthony Brown,0,18.571341463414637
2294,Charlie Bell,0,19.7985
2306,Carlos Arroyo,1,20.36246323529412
203268,Jorge Gutierrez,1,10.24982269503546
203489,Nate Wolters,1,18.747857142857143
2366,Mike Wilks,0,14.766666666666666
1628414,Sindarius Thornwell,3,10.725048661800487
2863,Damien Wilkins,0,16.331027060270603
202082,Larry Owens,0,11.47061403508772
2397,Yao Ming,4,18.103666666666665
1628405,Johnathan Motley,4,10.054040404040403
2399,Mike Dunleavy,0,25.71197530864197
1626224,Cedi Osman,0,22.74748175182481
2772,Trevor Ariza,0,34.20676919408679
203098,John Jenkins,0,12.765204678362572
2400,Drew Gooden,4,20.67016129032258
1627746,Skal Labissiere,4,17.63791304347826
203093,Terrence Jones,4,23.77531339031339
200783,Craig Smith,4,13.42492156862745
1626178,Rondae Hollis-Jefferson,4,23.63842592592593
1628421,Devin Robinson,4,13.46625
2404,Chris Wilcox,3,15.25723148148148
202379,Jeremy Evans,3,10.506453333333331
201574,Jason Thompson,3,24.743025793650794
202389,Timofey Mozgov,3,18.006865342163355
1626149,Montrezl Harrell,4,19.19016993464052
2406,Caron Butler,0,26.865706429780037
201590,Donte Greene,0,17.806159052453467
201978,Chase Budinger,0,19.65115888615889
2419,Tayshaun Prince,0,28.47226957726958
201603,Sonny Weems,0,19.178440545808968
2605,Marquis Daniels,0,17.538673469387756
1628407,Dwayne Bacon,0,15.329861111111107
2420,Nenad Krstic,3,22.52785714285714
201591,DJ White,3,15.118435114503816
2427,Roger Mason Jr.,0,15.970590969455513
101128,Francisco Garcia,0,19.52960594315245
203493,Reggie Bullock,0,19.25497530864197
1629003,Shake Milton,0,13.41125
2429,Dan Gadzuric,3,10.391973684210528
2617,Udonis Haslem,3,18.572815261044177
2853,Earl Barron,3,14.60640804597701
203101,Miles Plumlee,3,16.3527408477842
2549,Chris Kaman,4,24.0432664756447
2431,David Andersen,0,12.265291262135923
202720,Jon Leuer,4,15.768342175066312
201957,Byron Mullens,0,18.236666666666668
203094,Andrew Nicholson,0,14.351355633802816
2732,Ben Gordon,2,22.79712909441233
2440,Matt Barnes,0,25.77341283863369
203998,Bruno Caboclo,0,14.672439613526567
203488,Mike Muscala,0,15.90026688453159
202357,Nemanja Bjelica,0,20.17900497512438
2443,Darius Songaila,3,17.415
2449,Luis Scola,4,25.025687967760508
2457,Jannero Pargo,2,12.686548269581056
101249,John Lucas III,1,13.397909760589318
201988,Patty Mills,2,19.00439393939394
1628988,Aaron Holiday,2,12.9166
1627789,Timothe Luwawu-Cabarrot,0,15.589269005847951
2501,Reggie Evans,3,18.674642857142857
2544,LeBron James,2,37.30999309392266
201566,Russell Westbrook,2,34.72008141112619
2548,Dwyane Wade,2,31.5884797979798
203948,Johnny O'Bryant III,3,11.458673469387756
2547,Chris Bosh,4,34.46428414096916
201576,Anthony Randolph,4,14.344779541446208
201565,Derrick Rose,2,32.47889964157706
203100,Tony Wroten,2,21.32038194444444
2744,Al Jefferson,4,29.335836197021763
2757,Beno Udrih,1,22.90628099173553
2553,Jarvis Hayes,0,22.944
203798,PJ Hairston,0,18.02156156156156
201858,Cartier Martin,0,14.691357142857145
2555,Nick Collison,3,17.566330188679245
203512,Lucas Nogueira,3,12.374309523809522
2556,Marcus Banks,2,10.623533333333333
203913,Jabari Brown,2,29.913771929824563
1626150,Andrew Harrison,1,20.59262068965517
201151,Acie Law,1,12.462142857142856
2557,Luke Ridnour,1,25.147548523206748
101109,Raymond Felton,1,26.912913466461852
2561,David West,4,26.539176860346583
1628385,Harry Giles III,4,14.137758620689656
1627835,Paul Zipser,0,17.01408163265306
201604,Chris Douglas-Roberts,0,21.32071161048689
202333,Xavier Henry,0,15.70462162162162
2564,Boris Diaw,1,25.512097130242825
202709,Cory Joseph,3,21.489192015209127
201177,Josh McRoberts,3,20.316454081632653
2566,Travis Outlaw,0,19.94281496062992
2568,Carlos Delfino,0,28.92625
203200,Justin Holiday,0,22.714934272300468
2756,Sasha Vujacic,0,14.850585774058578
2570,Kendrick Perkins,3,22.80703926282051
2571,Leandro Barbosa,2,17.45399061032864
203079,Dion Waiters,2,28.46310401310401
2572,Josh Howard,4,23.58984423676012
201814,Gary Forbes,2,13.548318318318318
201945,Gerald Henderson,2,25.91435705368289
201966,Jermaine Taylor,2,12.076051282051283
2574,Jason Kapono,0,12.560709876543209
1626173,Rashad Vaughn,0,12.023009592326138
1629102,Brandon Sampson,0,15.3075
204014,Damjan Rudez,0,11.22082191780822
2584,Willie Green,0,18.75504811898513
1628415,Dillon Brooks,0,26.797266666666665
202734,E'Twaun Moore,0,21.64898635477583
2585,Zaza Pachulia,3,19.65061143984221
203920,Khem Birch,3,13.27465579710145
1628389,Bam Adebayo,3,21.72705298013245
1626245,Cristiano Felicio,3,14.550110062893085
2590,Mo Williams,2,28.389242424242425
201166,Aaron Brooks,2,21.078151397011048
203504,Trey Burke,2,23.62355493998153
2592,James Jones,0,12.40011463844797
203518,Alex Abrines,0,15.963544061302684
1629130,Duncan Robinson,0,10.729111111111113
2594,Kyle Korver,0,25.69369534555712
201980,Danny Green,0,25.430158602150534
1629244,Cameron Reynolds,0,13.65517543859649
200758,Ronnie Brewer,1,21.35264129181084
200776,Mardy Collins,1,10.938217054263566
200767,Josh Boone,3,16.594656084656084
202810,D.J. Kennedy,3,29.43333333333333
202079,Antonio Anderson,3,14.616666666666667
203940,Adreian Payne,3,13.11260124610592
2730,Dwight Howard,4,33.53155416012559
200796,Leon Powe,4,11.2687
2731,Emeka Okafor,3,27.430619883040936
202684,Tristan Thompson,3,27.85394047619048
203186,Willie Reed,3,12.396085526315789
204028,Tarik Black,3,15.083189393939394
203095,Evan Fournier,2,27.971896425966445
2733,Shaun Livingston,1,19.2568573551263
2734,Devin Harris,2,23.308671875
202391,Jeremy Lin,2,25.452684027777774
202178,Sundiata Gaines,2,11.599321533923304
201967,Dante Cunningham,3,20.82255383895131
1628990,Chandler Hutchison,3,20.33215909090909
2736,Luol Deng,0,34.81342706502636
203084,Harrison Barnes,0,30.72244568590937
1627936,Alex Caruso,1,17.263944444444444
2742,Sebastian Telfair,1,16.614104361370714
203148,Brian Roberts,1,16.582680467091297
2743,Kris Humphries,4,21.257609262883232
203458,Alex Len,4,19.903147249190937
2746,Josh Smith,4,31.75564993564993
200794,Paul Millsap,4,31.567524822695034
201188,Marc Gasol,4,33.7221354899203
203953,Jabari Parker,4,29.72189608636977
2748,Dorell Wright,0,23.549352078239608
203109,Jae Crowder,0,24.24038817005545
202349,Greivis Vasquez,1,23.737344139650872
200771,Sergio Rodriguez,1,19.142823383084576
2753,Delonte West,1,23.46740157480315
1628983,Shai Gilgeous-Alexander,1,26.511056910569103
1627785,Isaiah Whitehead,1,20.48460674157303
201154,Al Thornton,0,23.718002283105022
201970,Sam Young,0,15.917688172043013
2755,Kevin Martin,2,30.147374485596707
101122,Danny Granger,2,30.95810633213859
203952,Andrew Wiggins,2,35.9434126984127
1628379,Luke Kennard,0,21.40397530864197
2760,Anderson Varejao,3,24.961714437367306
1627751,Jakob Poeltl,3,16.113970125786164
203143,Pablo Prigioni,1,16.953172242874846
1629066,Rodions Kurucs,0,20.535714285714285
1628411,Wes Iwundu,1,17.33465384615385
202723,Malcolm Lee,1,14.823796296296296
101106,Andrew Bogut,3,25.713026515151515
101107,Marvin Williams,0,27.45174657534246
1628371,Jonathan Isaac,0,24.81955882352941
203120,Justin Hamilton,0,17.35589970501475
101108,Chris Paul,2,34.11831278890601
202322,John Wall,2,35.85308027923211
101187,Alan Anderson,0,21.571225845410627
101111,Charlie Villanueva,2,16.520354330708663
201583,Ryan Anderson,2,26.578034997131383
203141,Mirza Teletovic,2,17.81330237358101
101123,Gerald Green,2,21.24185924369748
101112,Channing Frye,0,23.22834422657952
202337,Luke Babbitt,0,14.007912280701753
101113,Ike Diogu,4,12.731973684210526
1629140,Johnathan Williams,4,15.797971014492752
202396,Samardo Samuels,4,15.799678899082569
101115,Andrew Bynum,4,29.77562601626016
202702,Kenneth Faried,4,24.564348739495795
201581,JJ Hickson,4,23.75268794326241
202685,Jonas Valanciunas,4,25.16310403832991
101120,Antoine Wright,0,19.23538288288288
1627846,Abdel Nader,0,11.199537037037036
101121,Joey Graham,3,13.18704248366013
202365,Devin Ebanks,3,11.2705291005291
203930,Sean Kilpatrick,2,19.626125265392783
202331,Paul George,2,33.80791044776119
101139,CJ Miles,2,22.04028165374677
203142,Chris Copeland,2,12.337115009746588
201977,Marcus Thornton,2,23.40239431739432
201171,Carl Landry,4,23.221295833333333
201946,Tyler Hansbrough,4,16.896456386292837
101126,Nate Robinson,2,20.499955357142856
101129,Luther Head,0,16.812825203252032
203085,Austin Rivers,0,24.630199724517905
1627834,Georgios Papagiannis,3,12.221239316239316
1626162,Kelly Oubre Jr.,0,22.061940639269405
203481,Jeff Withey,3,10.012230273752014
101138,Brandon Bass,4,23.449452554744525
201148,Brandan Wright,3,16.770395238095237
201175,Glen Davis,4,22.415978260869565
203501,Tim Hardaway Jr.,2,26.102665837479268
101141,Ersan Ilyasova,4,24.83689069423929
1626168,Trey Lyles,0,17.495232288037165
101142,Ronny Turiaf,3,16.367586726998493
101144,Von Wafer,0,11.225549450549453
202343,Elliot Williams,0,13.4902752293578
201167,Arron Afflalo,0,30.386141067538126
201936,Tyreke Evans,2,30.713400786958964
1626144,Emmanuel Mudiay,2,25.78088435374149
202738,Isaiah Thomas,2,29.39717046238785
101153,Mickael Gelabale,0,17.887638888888887
200757,Thabo Sefolosha,3,23.90271704180064
1626143,Jahlil Okafor,4,21.116991228070177
101155,Ryan Gomes,0,25.14974153297683
1628503,Jamel Artis,0,18.600555555555555
203922,Glenn Robinson III,0,14.35417808219178
1626172,Kevon Looney,3,14.014648692810455
101162,Marcin Gortat,3,26.939853007688825
201582,Alexis Ajinca,4,14.20428117048346
201971,DeJuan Blair,4,16.63756289308176
101177,Fabricio Oberto,3,11.214726775956285
1628373,Frank Ntilikina,1,21.56406336088154
101181,Jose Calderon,1,26.03321724709784
201953,Eric Maynor,1,14.588589263420724
1626145,Tyus Jones,1,17.74792682926829
203463,Ben McLemore,0,23.70727355072464
101189,James Singleton,3,17.973985507246375
203943,Noah Vonleh,3,17.70817168338907
101211,Stephen Graham,3,13.664483204134369
202498,Lance Thomas,3,18.417297527706733
203199,DeQuan Jones,3,12.80728494623656
201601,Luc Mbah a Moute,3,23.023698175787725
101235,Kelenna Azubuike,2,20.747777777777777
1628991,Jaren Jackson Jr.,4,26.11531609195402
1628369,Jayson Tatum,2,30.80256813417191
101236,Chuck Hayes,3,18.95774222222222
1626166,Cameron Payne,0,16.035435729847496
1626188,Quinn Cook,0,16.420371900826446
203133,Robbie Hummel,0,14.25452380952381
200752,Rudy Gay,2,34.0464475743349
203498,Shabazz Muhammad,2,17.197093862815887
200746,LaMarcus Aldridge,4,35.23994727189363
200748,Tyrus Thomas,4,19.495530303030304
200750,Brandon Roy,2,32.908072463768114
202710,Jimmy Butler,2,32.924284802043424
201164,Rudy Fernandez,0,23.264132149901386
200755,JJ Redick,2,28.221309352517988
200762,Oleksiy Pecherov,4,10.081705426356589
1626171,Bobby Portis,4,20.25392904953146
204025,Tim Frazier,1,18.216231292517005
200766,Marcus Williams,1,14.199371584699453
202388,Donald Sloan,1,17.199174311926605
200769,Shannon Brown,0,20.28570147679325
202340,Avery Bradley,0,28.64334612923864
200770,Jordan Farmar,1,20.593140350877192
1627832,Fred VanVleet,1,20.1929472693032
201985,AJ Price,1,15.054955300127714
1627755,Tyler Ulis,1,20.91744360902256
1627362,Briante Weber,1,13.558444444444444
200779,Steve Novak,0,12.398185071574645
203966,Jamil Wilson,0,18.250444444444444
200780,Solomon Jones,3,12.853733333333334
201623,Semih Erden,3,13.441521739130437
1628470,Torrey Craig,0,18.702433628318584
201168,Tiago Splitter,4,19.189549295774647
200789,Daniel Gibson,0,23.412052545155998
203917,Nik Stauskas,0,19.88471144278607
1629015,Zhaire Smith,0,18.43611111111111
200797,Ryan Hollins,3,12.864995670995672
202363,Jarvis Varnado,3,10.744774774774775
200811,Lou Amundson,3,13.201064814814814
200817,Pooh Jeter,1,14.00710382513661
202724,Charles Jenkins,1,12.231987767584098
201979,Nick Calathes,1,15.585361757105945
201041,Walker Russell,1,12.758869047619047
201141,Greg Oden,4,16.084806201550386
1628386,Jarrett Allen,4,23.27029605263158
201143,Al Horford,4,32.91756933542648
1627783,Pascal Siakam,4,23.54603395061729
201144,Mike Conley,2,33.376886840757805
201609,Goran Dragic,2,29.17119724988146
1628412,Frank Mason,2,15.771907407407406
201145,Jeff Green,2,29.478224121557453
201146,Yi Jianlian,4,20.479459770114943
203928,Cory Jefferson,4,10.021063218390806
201147,Corey Brewer,0,23.098317039106146
201149,Joakim Noah,3,29.4782228719948
203530,Joffrey Lauvergne,4,13.573125
1627735,Wade Baldwin IV,1,10.340892857142858
201152,Thaddeus Young,4,31.31841988459831
201589,Darrell Arthur,3,17.52778560250391
201974,Derrick Brown,3,14.950901960784313
1627742,Brandon Ingram,2,31.65429824561404
201156,Nick Young,2,23.84586737714624
202338,Kevin Seraphin,3,15.202494089834516
201161,Daequan Cook,0,14.017482817869414
1628510,Andrew White III,0,13.940444444444443
201602,Kyle Weaver,0,12.575
201163,Wilson Chandler,0,30.81030012771392
203118,Mike Scott,0,16.339166666666667
201165,Morris Almond,3,16.64875
1628971,Bruce Brown,3,19.58536036036036
203469,Cody Zeller,3,22.91611265004617
203937,Kyle Anderson,3,19.6105
201182,Derrick Byars,0,18.431666666666665
203544,Pero Antic,0,17.363023598820057
203543,Vitor Faverani,0,13.178783783783784
1626257,Salah Mejri,3,11.912728758169935
201202,Joel Anthony,3,13.743823773898589
201207,Coby Karl,1,16.17833333333333
203485,Lorenzo Brown,0,11.493576051779936
1627780,Gary Payton II,0,10.5003125
201208,Darryl Watkins,3,19.511333333333333
201596,Mario Chalmers,1,25.920812647754136
201229,Anthony Tolliver,0,20.18699844479005
1628404,Josh Hart,0,24.35997416020672
1627823,Juancho Hernangomez,0,15.777951167728238
201281,Andre Ingram,0,13.126666666666669
1627988,Myke Henry,0,18.90383333333333
202697,Iman Shumpert,0,25.141479400749063
201563,Michael Beasley,4,22.506189120809616
202690,Jimmer Fredette,0,13.37063888888889
203471,Dennis Schroder,2,24.711984496124032
202681,Kyrie Irving,2,33.78399209486166
1629027,Trae Young,2,30.90471193415638
1629029,Luka Doncic,2,32.19083333333333
201567,Kevin Love,4,32.94955284552845
1626157,Karl-Anthony Towns,4,34.414120082815735
1627848,Shawn Long,4,12.978611111111112
1628963,Marvin Bagley III,4,25.28217741935484
1629021,Moritz Wagner,2,10.008253968253968
201571,D.J. Augustin,1,23.802579473206176
1628973,Jalen Brunson,1,21.79805936073059
203457,Nerlens Noel,3,22.860618729096988
203476,Gorgui Dieng,3,22.701304508499632
201575,Brandon Rush,0,21.579655172413798
201578,Marreese Speights,4,15.005454788657037
1626161,Willie Cauley-Stein,4,24.02950847457627
201580,JaVale McGee,4,17.655203836930454
202324,Derrick Favors,4,25.740100210970464
201941,Jordan Hill,4,18.80477587612062
1629034,Ray Spalding,3,10.544761904761904
203496,Robert Covington,0,29.89368609406953
201586,Serge Ibaka,4,28.7125
202362,Lance Stephenson,1,23.371709486166004
204020,Tyler Johnson,0,26.756864197530863
1626170,Jerian Grant,1,18.01577533577533
201599,DeAndre Jordan,3,29.165124183006537
203497,Rudy Gobert,4,28.72084564860427
201605,Nathan Jawai,3,10.248991228070174
1629151,Ryan Broekhoff,0,10.79968253968254
201627,Anthony Morrow,0,21.65819556451613
201785,Othyus Jeffers,3,11.93572072072072
201802,Oliver Lafayette,0,21.53
1628537,Jaylen Morris,0,12.700333333333331
204179,Omari Johnson,0,18.775
201805,Chris Hunter,3,13.048944444444446
203077,Michael Kidd-Gilchrist,3,25.41045922406968
202692,Alec Burks,0,21.09931623931624
203459,Allen Crabbe,0,24.632696793002918
201933,Blake Griffin,4,35.026326699834165
203076,Anthony Davis,4,34.54547670250896
201935,James Harden,2,34.1237385620915
201951,Ty Lawson,1,29.185236363636363
201939,Stephen Curry,2,34.371736613603474
1626156,D'Angelo Russell,2,28.4975306372549
203081,Damian Lillard,2,36.25484460694698
203956,Mitch McGary,4,10.718942307692307
202704,Reggie Jackson,2,25.227398989898987
201944,Terrence Williams,1,19.09478213507625
201947,Earl Clark,3,13.91228607918263
1626185,Jarell Martin,0,15.90471920289855
1627816,Alex Poythress,0,11.085065359477126
201948,Austin Daye,0,14.087682648401827
203490,Otto Porter Jr.,0,26.93544277360067
1627761,DeAndre' Bembry,1,18.885182648401827
1628443,Kadeem Allen,1,14.128018018018018
1626273,Marcelo Huertas,1,14.544451754385966
203992,Bogdan Bogdanovic,2,27.853547297297297
1627763,Malcolm Brogdon,2,28.074857397504456
203909,KJ McDaniels,0,14.140056306306308
201962,Toney Douglas,0,19.05934010152284
201963,Christian Eyenga,0,20.57633986928105
204037,Travis Wear,0,13.23220588235294
202705,MarShon Brooks,2,17.277311557788945
201973,Jonas Jerebko,0,17.84738809899947
201975,Jodie Meeks,0,22.46764378478664
1626209,Mario Hezonja,0,18.90415162454873
203107,Tomas Satoransky,1,21.54965873015873
201991,Lester Hudson,2,10.422690058479532
202688,Brandon Knight,2,30.125079365079365
1627750,Jamal Murray,2,28.42993670886076
1627861,Mike Tobey,3,12.591666666666663
203524,Solomon Hill,3,22.66449180327869
202087,Alonzo Gee,3,21.695076305220883
203090,Maurice Harkless,0,23.04295358649789
202130,Reggie Williams,0,18.13363268608414
1626181,Norman Powell,0,16.837742782152233
202718,Chandler Parsons,0,30.32807662835249
202220,Zabian Dowdell,1,12.15409722222222
202397,Ish Smith,1,19.46756338899196
203906,Devyn Marble,0,10.384280303030302
1627790,Ante Zizic,4,14.24404761904762
202325,Wesley Johnson,0,22.12703125
1628382,Justin Jackson,0,20.936297539149887
202326,DeMarcus Cousins,4,32.002419928825624
202329,Al-Farouq Aminu,3,25.2365072247135
203112,Quincy Acy,3,16.03767361111111
1628977,Hamidou Diallo,3,10.512433333333334
1629011,Mitchell Robinson,3,20.598611111111108
202335,Patrick Patterson,0,21.807066559312936
1628970,Miles Bridges,0,21.204166666666666
203546,Ian Clark,0,13.652762626262628
202347,Quincy Pondexter,0,15.575414312617704
202713,Kyle Singler,0,21.879352112676056
202348,Jordan Crawford,2,24.35255634638197
202355,Hassan Whiteside,4,26.10558966861598
203083,Andre Drummond,4,30.83204320987654
1626210,Alan Williams,4,13.01092039800995
203991,Clint Capela,4,25.06605649717514
1628972,Troy Brown Jr.,0,14.033397435897436
203960,JaKarr Sampson,3,15.967620423892098
1627884,Derrick Jones Jr.,3,17.35811011904762
202376,Luke Harangody,0,12.44892857142857
202725,Josh Harrellson,3,11.8366
202386,Ben Uzoh,1,13.453833333333334
1627098,Malcolm Delaney,1,17.808792650918637
203500,Steven Adams,3,26.806519713261647
202390,Gary Neal,2,21.323300189393937
1627739,Kris Dunn,1,24.13174242424242
202399,Jeff Adrien,3,14.045479302832245
202406,Jerome Dyson,4,20.02037037037037
202407,Elijah Millsap,0,16.224734299516907
203527,Ryan Kelly,0,19.17204498977505
1626214,Bryce Dejean-Jones,0,19.89690476190476
202412,Manny Harris,0,17.133387096774193
203613,Jonathon Simmons,0,20.538016795865637
202458,Justin Dentmon,0,11.884375
1628975,Jevon Carter,0,14.782094017094018
202689,Kemba Walker,2,34.05992837465565
202682,Derrick Williams,4,20.70814641744548
1627883,Jalen Jones,0,12.35921875
1629028,Deandre Ayton,4,30.74208920187793
1628381,John Collins,4,26.76312345679012
202691,Klay Thompson,2,33.07170479302832
1627741,Buddy Hield,2,26.751120218579235
203468,CJ McCollum,2,29.98611382113821
203462,Archie Goodwin,2,14.518969696969698
202693,Markieff Morris,4,26.000420991926184
1626163,Frank Kaminsky,2,22.16832151300236
202696,Nikola Vucevic,4,30.031239875389407
202698,Chris Singleton,3,17.599132882882884
202703,Nikola Mirotic,2,24.195355276907
202706,Jordan Hamilton,0,13.907417218543046
202708,Norris Cole,1,22.27583796296296
203492,Ray McCallum,1,18.22648268398268
1628424,Kobi Simmons,1,19.54222222222222
1628393,Jawun Evans,1,15.03940476190476
1628966,Keita Bates-Diop,0,16.779222222222224
202722,Davis Bertans,0,16.024886363636362
1628035,Alfonzo McKinnie,0,12.288333333333332
1628417,Jaron Blossomgame,3,16.265185185185185
203460,Andre Roberson,3,22.572267573696145
202775,Edwin Ubiles,0,12.999166666666667
203113,Quincy Miller,0,13.543719806763283
202814,Mychel Thompson,0,18.947
202918,Xavier Silas,0,11.549583333333333
1628495,Milton Doyle,0,12.451666666666664
1628681,Rodney Purvis,0,18.099166666666665
203921,Cleanthony Early,0,14.301220238095238
202951,Jeremy Pargo,1,13.001204819277108
202970,Gustavo Ayon,3,16.72671641791045
203078,Bradley Beal,2,34.38245560109289
203903,Jordan Clarkson,2,27.540835520559927
203080,Thomas Robinson,4,13.43425747863248
1626195,Willy Hernangomez,4,14.778586142322096
203089,John Henson,4,20.11691419141914
203103,Perry Jones III,0,11.62768779342723
1626167,Myles Turner,4,28.08272023809524
1626158,Richaun Holmes,4,16.921733038348084
203096,Jared Sullinger,4,24.28055142503098
203102,Arnett Moultrie,3,12.352005649717514
203110,Draymond Green,1,28.112220125786163
203111,Orlando Johnson,0,10.803317152103558
1626169,Stanley Johnson,0,21.55132042253521
203115,Will Barton,2,23.29406345565749
203145,Kent Bazemore,2,20.66230503795721
1626155,Sam Dekker,0,15.48285
203121,Darius Miller,0,20.390416666666667
203934,Lamar Patterson,0,10.881666666666666
203124,Kyle O'Quinn,4,14.471342383107087
1628397,Ivan Rabb,3,14.544607843137255
1628436,Luke Kornet,0,16.82563131313131
203144,Alexey Shved,2,17.971565934065932
203894,Shabazz Napier,2,16.06238177623991
1627747,Caris LeVert,2,24.78236111111111
203158,Kevin Jones,3,10.438020833333333
203197,Diante Garrett,1,13.299740740740742
203902,Semaj Christon,1,15.197526041666666
1628422,Damyean Dotson,0,21.17834757834758
203210,JaMychal Green,3,22.152341137123745
1628964,Mo Bamba,4,16.301985815602837
203925,Joe Harris,0,22.65876117496807
203461,Anthony Bennett,3,12.614966887417218
203926,Doug McDermott,0,19.931925708699904
203473,Dewayne Dedmon,3,18.347223809523808
203477,Isaiah Canaan,0,20.41604964539007
203482,Kelly Olynyk,2,21.579004629629623
203967,Dario Saric,0,26.9229375
203486,Mason Plumlee,4,22.10223404255319
203487,Michael Carter-Williams,2,26.241814814814816
1627788,Furkan Korkmaz,0,12.241370967741936
203505,Vander Blue,0,13.330000000000002
203900,Markel Brown,0,15.887182890855456
203506,Victor Oladipo,2,33.227302576891105
203944,Julius Randle,4,28.49528494623656
203508,Sergey Karasev,0,11.689157894736844
203516,James Ennis III,0,20.55450239808153
203552,Seth Curry,0,21.567092013888885
203810,Casper Ware,0,12.862592592592591
203561,Brandon Davies,3,12.793247863247863
203584,Troy Daniels,0,15.458270547945204
1626184,Chasson Randle,1,13.892688888888888
1627758,Ron Baker,1,14.517621527777775
203933,T.J. Warren,2,27.71691570881226
1628395,Jordan Bell,3,12.777626666666666
203939,Dwight Powell,4,17.811822759315206
203954,Joel Embiid,4,30.712025316455694
203962,Josh Huestis,0,14.044934210526316
1628400,Semi Ojeleye,3,13.52440568475452
1627395,Julian Washburn,3,14.104814814814814
203999,Nikola Jokic,4,28.319761129207382
1629026,Kenrich Williams,0,23.461304347826086
204456,T.J. McConnell,1,22.026231422505308
1626153,Delon Wright,1,19.226675084175085
1626159,Justise Winslow,0,28.249528985507244
1627784,Jarrod Uthoff,0,12.749629629629627
1628378,Donovan Mitchell,2,33.56654914529914
1628420,Monte Morris,1,23.476392156862744
1626179,Terry Rozier,0,20.04017835178352
1627748,Thon Maker,0,14.217307692307692
1626220,Royce O'Neale,0,18.679845474613685
1626251,Duje Dukan,0,24.23333333333333
1629353,Isaac Humphries,0,11.286666666666664
1628935,Aaron Jackson,0,34.5
1626254,Maurice Ndour,3,10.35796875
1627215,Walt Lemon Jr.,2,18.38651515151515
1627732,Ben Simmons,4,33.94885416666666
1627745,Damian Jones,3,11.906394557823129
1627749,Dejounte Murray,4,17.34795518207283
1627756,Denzel Valentine,0,22.922910447761197
1628978,Donte DiVincenzo,0,15.23283950617284
1628989,Kevin Huerter,0,27.31373333333333
1627853,Ryan Arcidiacono,1,21.575444444444443
1627767,Cheick Diallo,4,12.595864661654137
1627819,Isaiah Taylor,1,17.16917840375587
1627821,James Webb III,0,11.993166666666667
1629109,Gary Clark,0,12.56091503267974
1628467,Maxi Kleber,0,18.938951048951047
1627826,Ivica Zubac,4,14.696690476190474
1627858,Kyle Collinsworth,3,14.986145833333332
1627863,Danuel House Jr.,0,21.938359788359787
1627982,Josh Gray,2,17.28666666666667
1628365,Markelle Fultz,1,20.600959595959598
1628366,Lonzo Ball,1,32.349444444444444
1628462,Milos Teodosic,1,21.400972222222222
1628370,Malik Monk,2,15.526470588235291
1629016,Omari Spellman,0,17.49003623188406
1628413,Jonah Bolden,0,14.51526515151515
1628409,Alec Peters,0,11.24275
1628463,Tyler Cavanaugh,0,11.159566666666668
1628418,Thomas Bryant,4,18.030210727969347
1628984,Devonte' Graham,1,14.697717391304348
1628502,Nigel Hayes,0,13.57462962962963
1628504,Xavier Rathan-Mayes,1,23.558
1628605,Dusty Hannahs,1,12.958333333333334
1628656,Billy Garrett,2,15.858333333333333
1628960,Grayson Allen,2,10.955087719298248
1628995,Kevin Knox II,2,28.771911111111116
1629004,Svi Mykhailiuk,0,10.479285714285714
1629013,Landry Shamet,0,22.808776371308014
1629033,Theo Pinson,0,11.742962962962965
1629045,Bonzie Colson,0,12.309583333333334
1629061,Deng Adel,0,10.219473684210527
1629121,Jaylen Adams,1,12.576127450980392
1629139,Yuta Watanabe,0,11.623333333333331
1629203,Jemerrio Jones,3,28.41
1629541,Dairis Bertans,0,13.920277777777777
